{"Loss": 0.01234545896295458, "_runtime": 65, "_timestamp": 1634486369, "_step": 399, "Val Loss": 0.1951407492160797, "Acc": 99.45, "Val Acc": 78.10000000000001, "_wandb": {"runtime": 63}}